{
	"body":
	{
		"type": "m_med_nrw"
	},
	"face":
	{
		"freckles":
		{
			"option": "None",
			"density": 0.5,
			"saturation": 0.5,
			"strength": 0.5,
			"toneShift": 0.5
		},
		"accents":
		{
			"scalp":
			{
				"redness": 0,
				"saturation": 0,
				"lightness": 0
			},
			"forehead":
			{
				"redness": 0,
				"saturation": 0,
				"lightness": 0
			},
			"nose":
			{
				"redness": 0,
				"saturation": 0,
				"lightness": 0
			},
			"underEye":
			{
				"redness": 0,
				"saturation": 0,
				"lightness": 0
			},
			"cheeks":
			{
				"redness": 0,
				"saturation": 0,
				"lightness": 0
			},
			"lips":
			{
				"redness": 0,
				"saturation": 0,
				"lightness": 0
			},
			"chin":
			{
				"redness": 0,
				"saturation": 0,
				"lightness": 0
			},
			"ears":
			{
				"redness": 0,
				"saturation": 0,
				"lightness": 0
			}
		},
		"leftEye":
		{
			"iris":
			{
				"option": "009",
				"color1UI":
				{
					"x": 0.76496988534927368,
					"y": 0.31166645884513855
				},
				"color1":
				{
					"r": 0.070360094308853149,
					"g": 0.038204371929168701,
					"b": 0.015996292233467102,
					"a": 1
				},
				"color2UI":
				{
					"x": 0.69535911083221436,
					"y": 0.25166645646095276
				},
				"color2":
				{
					"r": 0.054480277001857758,
					"g": 0.035601314157247543,
					"b": 0.015208514407277107,
					"a": 1
				},
				"bUseRadialBlend": true,
				"colorBalance": 0.5,
				"colorBalanceSmoothness": 0.5,
				"size": 0.72406917810440063,
				"saturation": 0.60837763547897339,
				"limbusDarkAmount": 0.62832444906234741
			},
			"sclera":
			{
				"tintUI":
				{
					"x": 0.34955081343650818,
					"y": 0.73666644096374512
				},
				"tint":
				{
					"r": 0.95597332715988159,
					"g": 0.87962239980697632,
					"b": 0.87136709690093994,
					"a": 1
				},
				"brightness": 0.62632972002029419,
				"rotation": 0,
				"vascularity": 0.5,
				"veinsRotation": 0
			}
		},
		"rightEye":
		{
			"iris":
			{
				"option": "009",
				"color1UI":
				{
					"x": 0.76496988534927368,
					"y": 0.31166645884513855
				},
				"color1":
				{
					"r": 0.070360094308853149,
					"g": 0.038204371929168701,
					"b": 0.015996292233467102,
					"a": 1
				},
				"color2UI":
				{
					"x": 0.69535911083221436,
					"y": 0.25166645646095276
				},
				"color2":
				{
					"r": 0.054480277001857758,
					"g": 0.035601314157247543,
					"b": 0.015208514407277107,
					"a": 1
				},
				"bUseRadialBlend": true,
				"colorBalance": 0.5,
				"colorBalanceSmoothness": 0.5,
				"size": 0.72406917810440063,
				"saturation": 0.60837763547897339,
				"limbusDarkAmount": 0.62832444906234741
			},
			"sclera":
			{
				"tintUI":
				{
					"x": 0.34955081343650818,
					"y": 0.73666644096374512
				},
				"tint":
				{
					"r": 0.95597332715988159,
					"g": 0.87962239980697632,
					"b": 0.87136709690093994,
					"a": 1
				},
				"brightness": 0.62632972002029419,
				"rotation": 0,
				"vascularity": 0.5,
				"veinsRotation": 0
			}
		},
		"teeth":
		{
			"teethColorUI":
			{
				"x": 0.34999999403953552,
				"y": 0.34999999403953552
			},
			"teethColor":
			{
				"r": 0.67954248189926147,
				"g": 0.52099555730819702,
				"b": 0.33716362714767456,
				"a": 1
			},
			"gumColorUI":
			{
				"x": 0.34999999403953552,
				"y": 0.34999999403953552
			},
			"gumColor":
			{
				"r": 0.39157247543334961,
				"g": 0.078187420964241028,
				"b": 0.064803265035152435,
				"a": 1
			},
			"plaqueColorUI":
			{
				"x": 0.34999999403953552,
				"y": 0.34999999403953552
			},
			"plaqueColor":
			{
				"r": 0.60382735729217529,
				"g": 0.41788506507873535,
				"b": 0.11443537473678589,
				"a": 1
			},
			"plaqueAmount": 0.11999999731779099
		},
		"makeup":
		{
			"foundation":
			{
				"bApplyFoundation": false,
				"color":
				{
					"r": 0.23455099761486053,
					"g": 0.090842001140117645,
					"b": 0.052861001342535019,
					"a": 1
				},
				"intensity": 0.5,
				"roughness": 0.25,
				"concealer": 0
			},
			"eyes":
			{
				"option": "None",
				"primaryColor":
				{
					"r": 0.1020829975605011,
					"g": 0.17411699891090393,
					"b": 0.25,
					"a": 1
				},
				"secondaryColor":
				{
					"r": 0,
					"g": 0,
					"b": 0,
					"a": 1
				},
				"roughness": 0.5,
				"transparency": 0,
				"metalness": 0
			},
			"blusher":
			{
				"option": "None",
				"color":
				{
					"r": 0.34509798884391785,
					"g": 0,
					"b": 0,
					"a": 1
				},
				"intensity": 0.40000000596046448,
				"roughness": 0.25
			},
			"lips":
			{
				"option": "None",
				"color":
				{
					"r": 0.25520798563957214,
					"g": 0.010634000413119793,
					"b": 0.022097999230027199,
					"a": 1
				},
				"roughness": 0.5,
				"transparency": 0
			}
		}
	},
	"textureSynthesis":
	{
		"bSkinUnlocked": true,
		"lowFrequency": 0.019946807995438576,
		"highFrequency": 0.14071565866470337,
		"contrast": 0.5,
		"skinToneUI":
		{
			"x": 0.75476348400115967,
			"y": 0.51515156030654907
		},
		"skinTone":
		{
			"r": 0.23839756846427917,
			"g": 0.093058958649635315,
			"b": 0.054480277001857758,
			"a": 1
		}
	},
	"grooms":
	{
		"hair":
		{
			"option": "ShortAfroFade",
			"length": 1,
			"bUseCustomProperties": true,
			"melaninAndRedness":
			{
				"x": 0.82747644186019897,
				"y": 0.062210358679294586
			},
			"roughness": 0.37000000476837158,
			"whiteness": 0,
			"lightness": 0.5,
			"presetOption": "None",
			"bUseDyeColor": false,
			"dyeColor":
			{
				"r": 0.32156899571418762,
				"g": 0,
				"b": 0.69019597768783569,
				"a": 1
			},
			"bUseRegions": false,
			"regionsUV":
			{
				"x": 0.28189998865127563,
				"y": 0.25
			},
			"bUseRegionsColor": false,
			"regionsColor":
			{
				"r": 1,
				"g": 1,
				"b": 1,
				"a": 1
			},
			"regionsPresetOption": "None",
			"bUseOmbre": false,
			"ombreUV":
			{
				"x": 0.28189998865127563,
				"y": 0.25
			},
			"bUseOmbreColor": false,
			"ombreColor":
			{
				"r": 1,
				"g": 1,
				"b": 1,
				"a": 1
			},
			"ombreShift": 0.5,
			"ombreContrast": 0,
			"ombreIntensity": 1,
			"ombrePresetOption": "None",
			"bUseHighlights": false,
			"highlightsUV":
			{
				"x": 0.28189998865127563,
				"y": 0.25
			},
			"bUseHighlightsColor": false,
			"highlightsColor":
			{
				"r": 1,
				"g": 1,
				"b": 1,
				"a": 1
			},
			"highlightsBlending": 0.5,
			"highlightsIntensity": 0.5,
			"highlightsVariation": 0,
			"highlightsPresetOption": "None",
			"eyebrowsShading": 1,
			"eyebrowsMicroblading": 1,
			"bUseMaskModulation": false,
			"maskModulationOption": "None"
		},
		"eyebrows":
		{
			"option": "MediumDenseEyebrows",
			"length": 1,
			"bUseCustomProperties": true,
			"melaninAndRedness":
			{
				"x": 1,
				"y": 0.71106219291687012
			},
			"roughness": 0.25,
			"whiteness": 0,
			"lightness": 0.5,
			"presetOption": "None",
			"bUseDyeColor": false,
			"dyeColor":
			{
				"r": 0.32156899571418762,
				"g": 0,
				"b": 0.69019597768783569,
				"a": 1
			},
			"bUseRegions": false,
			"regionsUV":
			{
				"x": 0.28189998865127563,
				"y": 0.25
			},
			"bUseRegionsColor": false,
			"regionsColor":
			{
				"r": 1,
				"g": 1,
				"b": 1,
				"a": 1
			},
			"regionsPresetOption": "None",
			"bUseOmbre": false,
			"ombreUV":
			{
				"x": 0.28189998865127563,
				"y": 0.25
			},
			"bUseOmbreColor": false,
			"ombreColor":
			{
				"r": 1,
				"g": 1,
				"b": 1,
				"a": 1
			},
			"ombreShift": 0.5,
			"ombreContrast": 0,
			"ombreIntensity": 1,
			"ombrePresetOption": "None",
			"bUseHighlights": false,
			"highlightsUV":
			{
				"x": 0.28189998865127563,
				"y": 0.25
			},
			"bUseHighlightsColor": false,
			"highlightsColor":
			{
				"r": 1,
				"g": 1,
				"b": 1,
				"a": 1
			},
			"highlightsBlending": 0.5,
			"highlightsIntensity": 0.5,
			"highlightsVariation": 0,
			"highlightsPresetOption": "None",
			"eyebrowsShading": 1,
			"eyebrowsMicroblading": 1,
			"bUseMaskModulation": false,
			"maskModulationOption": "None"
		},
		"eyelashes":
		{
			"option": "LongSlightCurl",
			"length": 1,